filename,width,height,class,xmin,ymin,xmax,ymax
images_230.jpeg,262,193,Known Person,37,35,138,128
images_023.jpeg,195,259,Known Person,46,14,158,153
images_458.jpeg,215,235,Known Person,59,12,129,97
images_042.jpeg,194,259,Known Person,66,30,141,151
08.jpg,236,273,Known Person,79,25,193,176
images_296.jpeg,164,308,Known Person,5,4,125,146
images_118.jpeg,271,186,Known Person,115,54,166,98
images_118.jpeg,271,186,Known Person,77,56,114,98
images_118.jpeg,271,186,Known Person,52,71,78,100
images_167.jpeg,224,225,Known Person,52,39,159,133
images_408.jpeg,260,194,Known Person,97,61,164,152
images_421.jpeg,225,225,Known Person,66,36,201,188
images_223.jpeg,254,198,Known Person,97,21,160,102
images_455.jpeg,287,176,Known Person,2,66,58,162
images_455.jpeg,287,176,Known Person,2,12,63,67
images_455.jpeg,287,176,Known Person,84,16,132,67
images_455.jpeg,287,176,Known Person,191,10,274,85
images_455.jpeg,287,176,Known Person,122,2,185,46
images_455.jpeg,287,176,Known Person,147,20,198,82
images_588.jpeg,225,224,Known Person,50,14,157,109
images_445.jpeg,259,195,Known Person,22,52,112,139
images_445.jpeg,259,195,Known Person,117,8,236,116
images_474.jpeg,225,225,Unknown Person,94,5,179,88
images_569.jpeg,266,189,Known Person,160,62,202,107
images_140.jpeg,224,225,Known Person,55,2,156,123
images_567.jpeg,224,225,Known Person,16,4,108,96
images_567.jpeg,224,225,Known Person,113,4,193,93
images_592.jpeg,225,225,Known Person,4,30,86,158
images_592.jpeg,225,225,Unknown Person,153,53,221,118
images_113.jpeg,225,225,Known Person,46,3,165,103
images_524.jpeg,249,202,Known Person,114,7,196,99
images_203.jpeg,225,225,Known Person,67,22,177,165
images_492.jpeg,225,225,Known Person,65,47,169,166
images_384.jpeg,225,225,Known Person,22,44,165,156
images_111.jpeg,197,255,Known Person,21,4,144,127
images_392.jpeg,266,189,Known Person,83,47,127,87
images_392.jpeg,266,189,Known Person,122,35,160,86
images_392.jpeg,266,189,Known Person,157,32,200,82
images_213.jpeg,275,183,Known Person,39,27,112,116
images_360.jpeg,266,189,Known Person,84,36,144,109
images_360.jpeg,266,189,Known Person,139,48,200,113
images_491.jpeg,275,183,Unknown Person,77,46,110,89
images_491.jpeg,275,183,Unknown Person,122,67,164,134
images_236.jpeg,225,225,Known Person,77,25,215,161
images_451.jpeg,248,203,Known Person,58,24,124,98
images_451.jpeg,248,203,Known Person,117,21,175,110
images_499.jpeg,259,194,Known Person,82,27,229,159
images_085.jpeg,225,224,Known Person,50,4,163,139
images_070.jpeg,188,250,Known Person,37,17,145,125
images_307.jpeg,225,225,Unknown Person,96,28,125,55
images_333.jpeg,183,275,Known Person,74,19,117,62
images_050.jpeg,226,223,Known Person,39,39,178,185
07.jpg,220,229,Known Person,51,32,171,163
images_183.jpeg,225,225,Unknown Person,57,31,181,171
images_183.jpeg,225,225,Known Person,68,16,181,179
images_294.jpeg,225,225,Known Person,46,23,178,160
images_014.jpeg,188,188,Known Person,6,2,102,89
images_385.jpeg,224,225,Unknown Person,88,52,138,109
images_261.jpeg,225,225,Known Person,87,32,117,64
images_261.jpeg,225,225,Known Person,118,15,149,52
images_314.jpeg,194,259,Known Person,44,45,159,170
images_157.jpeg,225,225,Known Person,70,21,152,120
images_186.jpeg,194,259,Known Person,27,24,114,131
images_383.jpeg,194,259,Known Person,43,68,172,214
images_182.jpeg,225,225,Unknown Person,52,5,161,108
images_182.jpeg,225,225,Known Person,54,5,162,106
images_193.jpeg,259,194,Known Person,71,7,199,126
images_362.jpeg,225,225,Known Person,53,42,189,183
images_531.jpeg,193,261,Known Person,47,33,156,163
images_110.jpeg,224,225,Known Person,27,136,71,182
images_110.jpeg,224,225,Known Person,106,13,220,208
images_405.jpeg,264,191,Known Person,45,5,229,191
images_163.jpeg,225,224,Known Person,58,3,166,98
images_590.jpeg,224,225,Known Person,53,27,184,171
images_116.jpeg,225,225,Known Person,17,17,61,58
images_116.jpeg,225,225,Known Person,66,16,104,69
images_116.jpeg,225,225,Known Person,128,19,169,60
images_116.jpeg,225,225,Known Person,172,18,212,70
images_116.jpeg,225,225,Known Person,18,129,51,170
images_116.jpeg,225,225,Known Person,64,125,106,176
images_116.jpeg,225,225,Known Person,127,127,160,173
images_116.jpeg,225,225,Known Person,174,135,225,201
images_557.jpeg,214,235,Known Person,7,7,90,133
images_557.jpeg,214,235,Known Person,127,13,214,111
images_192.jpeg,225,225,Known Person,103,10,209,148
images_546.jpeg,172,148,Known Person,31,65,104,131
images_595.jpeg,275,183,Known Person,32,71,84,121
images_595.jpeg,275,183,Known Person,91,42,115,83
images_595.jpeg,275,183,Known Person,115,38,135,76
images_595.jpeg,275,183,Known Person,135,60,168,91
images_595.jpeg,275,183,Known Person,156,45,193,72
images_595.jpeg,275,183,Known Person,134,9,162,45
images_052.jpeg,275,183,Known Person,20,15,106,116
images_052.jpeg,275,183,Known Person,158,37,236,121
images_300.jpeg,225,225,Known Person,67,49,168,173
images_391.jpeg,297,170,Known Person,78,62,108,124
images_391.jpeg,297,170,Unknown Person,187,24,220,94
images_391.jpeg,297,170,Unknown Person,128,48,149,84
images_046.jpeg,245,206,Known Person,64,16,201,150
images_027.jpeg,225,225,Known Person,19,4,176,153
images_185.jpeg,259,194,Known Person,88,3,179,115
images_098.jpeg,225,225,Known Person,23,5,166,136
images_576.jpeg,318,159,Known Person,69,42,116,92
images_556.jpeg,225,225,Known Person,3,1,111,160
images_556.jpeg,225,225,Unknown Person,119,73,225,216
images_187.jpeg,183,275,Known Person,48,47,111,123
images_107.jpeg,225,225,Known Person,9,51,57,112
images_107.jpeg,225,225,Known Person,121,49,164,116
images_107.jpeg,225,225,Unknown Person,64,59,105,121
images_107.jpeg,225,225,Unknown Person,167,53,218,111
images_018.jpeg,194,259,Known Person,18,10,138,148
images_553.jpeg,225,225,Known Person,102,50,187,111
images_553.jpeg,225,225,Known Person,25,6,52,32
images_195.jpeg,225,225,Known Person,62,64,161,150
images_394.jpeg,225,225,Known Person,10,31,144,119
images_086.jpeg,194,259,Known Person,14,1,185,164
images_468.jpeg,225,225,Unknown Person,77,7,119,47
images_310.jpeg,208,243,Known Person,54,34,173,165
images_506.jpeg,275,183,Known Person,116,35,177,96
images_054.jpeg,225,225,Known Person,58,46,162,158
images_352.jpeg,223,226,Known Person,56,40,174,151
images_148.jpeg,193,262,Known Person,17,17,95,116
images_148.jpeg,193,262,Known Person,94,51,171,146
images_064.jpeg,194,259,Known Person,7,72,108,195
images_064.jpeg,194,259,Known Person,120,98,190,186
images_045.jpeg,259,194,Known Person,10,8,149,129
images_363.jpeg,248,203,Known Person,25,56,121,166
images_363.jpeg,248,203,Known Person,136,79,213,154
images_090.jpeg,194,259,Known Person,45,37,136,137
images_564.jpeg,225,225,Known Person,119,32,192,125
images_196.jpeg,227,222,Known Person,12,1,224,219
images_305.jpeg,245,206,Known Person,78,32,156,118
images_319.jpeg,194,259,Known Person,30,35,133,147
images_133.jpeg,225,225,Known Person,23,34,113,144
images_601.jpeg,264,191,Known Person,106,17,145,50
images_387.jpeg,225,224,Known Person,121,71,225,222
images_387.jpeg,225,224,Unknown Person,9,8,109,124
images_134.jpeg,225,225,Known Person,51,69,161,187
images_243.jpeg,225,225,Known Person,71,18,173,133
images_581.jpeg,199,199,Known Person,81,6,198,144
images_334.jpeg,275,183,Known Person,77,2,218,120
images_585.jpeg,255,197,Known Person,169,94,196,130
images_585.jpeg,255,197,Known Person,137,51,165,82
images_585.jpeg,255,197,Known Person,169,42,190,67
images_177.jpeg,250,201,Known Person,48,20,189,184
images_520.jpeg,275,183,Known Person,49,25,220,181
images_444.jpeg,194,259,Known Person,20,66,179,199
images_238.jpeg,225,225,Known Person,5,61,88,196
images_238.jpeg,225,225,Known Person,106,27,221,169
images_463.jpeg,259,194,Known Person,72,44,143,124
images_463.jpeg,259,194,Unknown Person,54,78,90,133
images_498.jpeg,225,225,Known Person,132,39,164,86
images_233.jpeg,225,225,Known Person,39,18,167,152
images_172.jpeg,224,225,Known Person,4,8,157,156
images_160.jpeg,259,194,Known Person,67,3,209,148
images_239.jpeg,225,225,Known Person,7,5,119,133
images_239.jpeg,225,225,Known Person,132,21,211,105
images_369.jpeg,183,275,Known Person,46,69,165,219
images_188.jpeg,262,193,Known Person,162,40,226,98
images_395.jpeg,181,279,Known Person,4,25,79,142
images_068.jpeg,200,252,Unknown Person,46,43,133,154
images_068.jpeg,200,252,Known Person,40,46,132,154
images_398.jpeg,225,225,Known Person,46,6,165,81
images_539.jpeg,225,225,Known Person,61,26,220,220
images_409.jpeg,301,167,Known Person,34,87,99,148
images_409.jpeg,301,167,Known Person,103,91,187,164
images_409.jpeg,301,167,Known Person,48,4,105,64
images_409.jpeg,301,167,Known Person,107,1,187,69
images_409.jpeg,301,167,Unknown Person,182,110,261,166
images_409.jpeg,301,167,Unknown Person,190,24,256,78
images_252.jpeg,246,205,Known Person,11,28,118,151
images_252.jpeg,246,205,Known Person,140,25,242,146
images_349.jpeg,275,183,Known Person,45,49,98,105
images_349.jpeg,275,183,Known Person,92,32,146,79
images_513.jpeg,275,183,Known Person,51,39,144,153
images.jpeg,225,225,Known Person,9,8,219,219
images_330.jpeg,261,193,Known Person,6,12,117,186
images_217.jpeg,225,225,Unknown Person,106,41,197,188
images_217.jpeg,225,225,Known Person,96,46,200,188
images_175.jpeg,225,225,Known Person,40,15,155,135
images_149.jpeg,275,183,Known Person,99,30,172,126
images_486.jpeg,225,225,Known Person,22,7,149,151
images_109.jpeg,259,194,Known Person,64,10,212,170
images_083.jpeg,225,225,Known Person,2,14,142,199
images_382.jpeg,261,193,Known Person,27,18,121,108
images_382.jpeg,261,193,Known Person,128,15,219,93
images_509.jpeg,225,224,Unknown Person,123,11,167,73
images_153.jpeg,217,232,Known Person,129,65,176,120
images_132.jpeg,168,299,Known Person,79,80,134,137
images_282.jpeg,225,225,Known Person,28,27,144,150
images_126.jpeg,225,225,Known Person,87,1,216,129
images_208.jpeg,195,259,Known Person,8,33,106,162
images_406.jpeg,275,183,Known Person,97,40,196,126
images_285.jpeg,225,225,Known Person,41,73,142,194
images_127.jpeg,188,188,Known Person,67,4,137,91
images_290.jpeg,225,225,Known Person,53,10,164,149
images_001.jpeg,194,259,Known Person,1,3,139,104
images_158.jpeg,194,259,Known Person,59,34,185,155
images_309.jpeg,274,184,Known Person,145,51,188,107
images_309.jpeg,274,184,Known Person,180,76,218,124
images_245.jpeg,225,225,Known Person,92,3,198,117
images_062.jpeg,389,129,Known Person,10,8,124,117
images_062.jpeg,389,129,Known Person,194,10,227,50
images_062.jpeg,389,129,Known Person,285,31,348,80
images_417.jpeg,275,183,Known Person,8,60,41,105
images_417.jpeg,275,183,Known Person,41,62,75,96
images_417.jpeg,275,183,Known Person,82,59,126,107
images_417.jpeg,275,183,Known Person,123,55,152,100
images_417.jpeg,275,183,Known Person,191,40,226,82
images_417.jpeg,275,183,Known Person,223,43,254,87
images_417.jpeg,275,183,Unknown Person,153,48,182,95
images_552.jpeg,225,225,Known Person,83,87,176,200
images_466.jpeg,194,259,Known Person,39,24,153,159
images_345.jpeg,258,196,Known Person,105,25,164,93
images_345.jpeg,258,196,Known Person,141,65,194,111
images_597.jpeg,275,183,Known Person,141,30,219,105
images_347.jpeg,190,266,Known Person,60,29,185,162
images_125.jpeg,225,225,Known Person,63,17,218,183
images_263.jpeg,225,225,Known Person,153,72,213,149
images_263.jpeg,225,225,Known Person,57,139,102,190
images_263.jpeg,225,225,Known Person,56,28,97,80
images_249.jpeg,208,208,Known Person,78,19,175,152
images_019.jpeg,188,188,Known Person,25,8,99,66
images_288.jpeg,201,251,Known Person,66,2,174,119
images_165.jpeg,225,225,Known Person,9,34,147,181
04.jpg,205,246,Known Person,33,24,190,168
images_467.jpeg,225,224,Known Person,136,36,219,136
images_467.jpeg,225,224,Known Person,97,88,165,166
images_495.jpeg,226,223,Known Person,96,86,154,150
images_214.jpeg,195,259,Known Person,52,28,161,177
images_423.jpeg,194,259,Known Person,60,48,130,124
images_340.jpeg,172,148,Known Person,107,6,140,44
images_340.jpeg,172,148,Known Person,18,7,63,47
images_432.jpeg,225,225,Known Person,14,2,207,152
images_067.jpeg,225,224,Known Person,27,3,106,96
images_067.jpeg,225,224,Unknown Person,38,119,132,218
images_364.jpeg,275,183,Known Person,85,51,121,102
images_364.jpeg,275,183,Known Person,123,64,161,107
images_254.jpeg,225,225,Known Person,139,2,190,61
images_254.jpeg,225,225,Known Person,17,114,112,205
images_254.jpeg,225,225,Known Person,118,116,221,222
images_254.jpeg,225,225,Known Person,17,2,61,31
images_497.jpeg,200,252,Known Person,53,24,158,155
images_145.jpeg,200,252,Known Person,33,2,172,160
images_331.jpeg,181,278,Known Person,4,5,173,261
images_337.jpeg,194,259,Known Person,85,57,184,169
images_337.jpeg,194,259,Unknown Person,39,7,81,43
images_477.jpeg,200,253,Known Person,73,39,134,112
images_477.jpeg,200,253,Unknown Person,23,14,62,78
images_215.jpeg,275,183,Unknown Person,89,22,202,174
images_339.jpeg,194,259,Known Person,47,53,166,205
images_066.jpeg,200,252,Known Person,34,35,179,217
05.jpg,329,153,Known Person,81,1,210,120
images_032.jpeg,259,194,Known Person,111,69,183,147
images_032.jpeg,259,194,Unknown Person,25,82,94,164
images_032.jpeg,259,194,Unknown Person,188,76,252,166
images_568.jpeg,177,285,Known Person,56,96,111,150
images_073.jpeg,225,225,Known Person,65,1,162,105
images_237.jpeg,225,225,Known Person,91,14,182,104
images_174.jpeg,179,281,Known Person,30,23,98,84
images_548.jpeg,249,202,Known Person,77,58,167,143
images_375.jpeg,299,168,Known Person,42,3,110,87
images_375.jpeg,299,168,Known Person,166,2,248,88
images_206.jpeg,239,210,Known Person,82,44,124,101
images_483.jpeg,224,225,Known Person,110,37,171,119
images_268.jpeg,224,225,Known Person,17,21,111,145
images_268.jpeg,224,225,Known Person,116,7,222,126
images_401.jpeg,160,160,Known Person,4,52,82,133
images_350.jpeg,188,188,Known Person,97,14,186,130
images_350.jpeg,188,188,Known Person,7,3,86,80
images_341.jpeg,225,225,Known Person,38,26,152,145
images_543.jpeg,225,225,Known Person,92,27,175,130
images_390.jpeg,183,275,Known Person,46,136,128,237
images_024.jpeg,188,188,Known Person,62,5,129,77
images_485.jpeg,225,225,Known Person,52,2,129,118
images_219.jpeg,275,183,Known Person,93,56,168,153
images_510.jpeg,259,194,Known Person,141,9,215,95
images_205.jpeg,270,187,Known Person,68,52,154,144
images_205.jpeg,270,187,Known Person,147,11,208,110
images_529.jpeg,192,262,Unknown Person,62,29,119,90
images_144.jpeg,244,206,Known Person,132,40,226,136
images_144.jpeg,244,206,Known Person,23,34,122,145
images_454.jpeg,225,224,Known Person,54,36,180,164
images_501.jpeg,183,275,Known Person,16,53,111,150
images_079.jpeg,273,184,Known Person,4,3,202,180
images_210.jpeg,199,254,Known Person,22,9,159,127
images_161.jpeg,225,225,Known Person,94,18,164,103
images_578.jpeg,266,190,Known Person,101,38,165,101
images_234.jpeg,191,263,Known Person,36,60,163,195
images_103.jpeg,225,225,Known Person,29,30,148,151
09.jpg,640,640,Known Person,182,123,436,473
images_472.jpeg,300,168,Known Person,101,7,224,151
images_521.jpeg,168,299,Known Person,70,42,168,197
images_055.jpeg,194,259,Known Person,38,74,126,185
images_191.jpeg,225,225,Known Person,4,3,184,128
images_348.jpeg,272,185,Known Person,148,51,196,102
images_348.jpeg,272,185,Known Person,105,63,151,112
images_251.jpeg,210,240,Known Person,59,6,188,134
images_544.jpeg,192,192,Known Person,21,40,82,110
images_047.jpeg,224,224,Known Person,58,3,161,92
images_449.jpeg,194,259,Unknown Person,28,22,143,137
images_356.jpeg,225,225,Known Person,42,22,158,136
images_084.jpeg,225,225,Known Person,60,20,172,180
images_438.jpeg,259,194,Known Person,81,17,186,125
images_571.jpeg,225,225,Known Person,49,4,159,141
images_081.jpeg,259,194,Known Person,110,80,191,162
images_176.jpeg,225,225,Known Person,64,54,163,164
images_447.jpeg,224,224,Known Person,60,18,166,124
images_072.jpeg,259,194,Known Person,88,23,150,112
images_560.jpeg,225,225,Known Person,23,29,109,118
images_359.jpeg,189,266,Known Person,71,40,160,128
images_535.jpeg,194,259,Known Person,55,31,136,151
images_128.jpeg,196,257,Known Person,38,5,148,110
images_287.jpeg,225,225,Known Person,46,3,115,79
images_105.jpeg,225,225,Known Person,34,60,167,181
images_071.jpeg,249,203,Known Person,12,28,102,124
images_039.jpeg,225,225,Unknown Person,72,1,147,66
images_338.jpeg,185,273,Known Person,30,40,165,190
images_123.jpeg,248,203,Known Person,139,33,246,175
images_123.jpeg,248,203,Unknown Person,8,3,122,152
images_077.jpeg,225,224,Known Person,8,78,71,171
images_077.jpeg,225,224,Known Person,77,117,145,172
images_077.jpeg,225,224,Known Person,155,95,220,165
images_154.jpeg,262,192,Known Person,100,30,169,118
images_479.jpeg,225,225,Known Person,106,32,198,149
images_242.jpeg,300,168,Known Person,111,36,179,133
images_082.jpeg,200,252,Known Person,37,10,159,130
images_131.jpeg,259,194,Known Person,126,36,254,153
images_248.jpeg,225,225,Known Person,67,26,141,117
images_302.jpeg,236,214,Known Person,82,41,226,179
images_388.jpeg,287,176,Known Person,49,47,90,94
images_388.jpeg,287,176,Known Person,91,20,134,69
images_388.jpeg,287,176,Known Person,134,45,177,93
images_388.jpeg,287,176,Known Person,183,35,222,74
images_388.jpeg,287,176,Known Person,193,70,225,117
images_353.jpeg,225,225,Known Person,79,33,199,158
images_482.jpeg,260,194,Known Person,84,50,132,116
images_589.jpeg,225,225,Known Person,36,51,161,168
images_378.jpeg,225,225,Known Person,12,76,214,189
images_372.jpeg,262,192,Known Person,105,14,205,106
images_532.jpeg,194,260,Known Person,4,6,84,63
images_586.jpeg,217,232,Unknown Person,126,58,161,102
images_399.jpeg,260,194,Known Person,87,35,187,141
images_488.jpeg,254,198,Known Person,85,55,139,120
images_488.jpeg,254,198,Known Person,151,51,203,118
images_207.jpeg,225,225,Known Person,39,4,179,115
images_266.jpeg,194,259,Known Person,45,50,149,153
images_097.jpeg,225,225,Known Person,45,5,170,130
images_397.jpeg,224,224,Known Person,12,22,188,222
images_222.jpeg,290,174,Known Person,74,6,218,163
images_094.jpeg,225,225,Known Person,49,34,178,173
images_332.jpeg,225,225,Known Person,71,59,170,186
images_119.jpeg,198,255,Known Person,40,44,160,183
images_593.jpeg,225,225,Known Person,42,18,215,175
images_512.jpeg,192,192,Known Person,18,13,113,130
images_512.jpeg,192,192,Known Person,116,21,190,125
images_519.jpeg,228,221,Known Person,18,3,150,123
images_209.jpeg,224,224,Known Person,67,21,153,138
images_168.jpeg,228,221,Known Person,78,3,212,137
images_489.jpeg,144,143,Known Person,30,25,108,105
images_554.jpeg,209,241,Known Person,10,30,112,168
images_316.jpeg,225,225,Known Person,13,23,183,193
images_271.jpeg,225,225,Known Person,10,1,130,120
images_414.jpeg,225,225,Known Person,42,12,156,131
images_201.jpeg,225,225,Known Person,99,31,209,166
images_367.jpeg,250,201,Known Person,108,25,179,87
images_267.jpeg,225,225,Known Person,1,2,117,105
images_020.jpeg,188,188,Known Person,73,15,184,145
images_030.jpeg,203,248,Known Person,81,108,156,201
images_169.jpeg,200,224,Known Person,74,12,142,84
images_476.jpeg,269,187,Known Person,130,48,188,104
images_476.jpeg,269,187,Known Person,104,67,135,105
images_476.jpeg,269,187,Known Person,65,66,84,87
images_476.jpeg,269,187,Known Person,85,63,102,92
images_436.jpeg,201,251,Known Person,7,49,173,221
images_323.jpeg,225,225,Unknown Person,163,153,188,192
images_323.jpeg,225,225,Unknown Person,180,43,202,63
images_323.jpeg,225,225,Known Person,10,48,78,126
images_323.jpeg,225,225,Known Person,11,143,112,220
images_033.jpeg,225,225,Known Person,31,4,154,127
images_326.jpeg,242,208,Known Person,160,9,242,132
images_029.jpeg,225,224,Known Person,104,12,148,70
images_199.jpeg,275,183,Known Person,20,45,154,131
images_080.jpeg,181,278,Known Person,37,27,140,165
images_269.jpeg,275,183,Known Person,96,4,237,135
images_002.jpeg,194,259,Known Person,8,11,122,125
images_065.jpeg,225,224,Known Person,52,15,153,142
images_257.jpeg,225,224,Known Person,22,37,112,144
images_257.jpeg,225,224,Known Person,117,12,196,115
images_313.jpeg,225,225,Known Person,123,62,191,123
images_181.jpeg,225,225,Known Person,120,42,153,74
images_181.jpeg,225,225,Unknown Person,89,53,117,86
images_155.jpeg,195,259,Known Person,105,3,185,91
images_231.jpeg,267,189,Unknown Person,119,50,155,94
images_386.jpeg,225,225,Known Person,76,43,162,142
images_152.jpeg,259,194,Known Person,77,37,196,174
images_049.jpeg,259,194,Known Person,20,10,153,151
images_453.jpeg,168,300,Unknown Person,69,87,114,138
images_514.jpeg,225,225,Known Person,31,61,162,172
images_194.jpeg,193,262,Unknown Person,37,27,152,130
images_325.jpeg,224,225,Known Person,3,8,71,140
images_325.jpeg,224,225,Known Person,68,72,146,160
images_325.jpeg,224,225,Known Person,152,3,213,77
images_325.jpeg,224,225,Unknown Person,163,143,222,221
images_526.jpeg,225,224,Known Person,43,33,119,103
images_322.jpeg,224,224,Known Person,110,32,169,77
images_322.jpeg,224,224,Unknown Person,47,51,90,85
images_074.jpeg,225,225,Known Person,75,5,214,129
images_550.jpeg,168,299,Known Person,20,23,125,121
images_336.jpeg,225,225,Known Person,74,5,200,111
images_346.jpeg,179,281,Known Person,57,63,137,140
images_570.jpeg,256,176,Known Person,3,3,122,107
images_304.jpeg,259,194,Known Person,72,3,195,120
images_262.jpeg,260,194,Known Person,122,49,197,132
images_262.jpeg,260,194,Known Person,52,23,111,117
images_092.jpeg,225,225,Known Person,87,43,165,142
images_092.jpeg,225,225,Known Person,4,73,66,148
images_092.jpeg,225,225,Known Person,168,6,224,69
06.jpg,280,180,Known Person,72,26,199,153
images_508.jpeg,194,259,Known Person,64,89,140,189
images_317.jpeg,214,236,Known Person,74,35,171,125
images_315.jpeg,193,261,Known Person,39,89,101,149
images_480.jpeg,192,192,Known Person,29,20,142,172
images_301.jpeg,134,90,Known Person,35,3,72,46
images_301.jpeg,134,90,Known Person,55,38,78,66
images_301.jpeg,134,90,Known Person,70,2,90,35
images_120.jpeg,225,225,Known Person,109,20,138,43
images_297.jpeg,267,189,Known Person,76,53,138,117
images_138.jpeg,193,262,Known Person,33,64,112,124
images_138.jpeg,193,262,Known Person,41,5,103,53
images_059.jpeg,225,225,Known Person,49,29,131,121
images_374.jpeg,225,225,Known Person,21,2,190,205
images_179.jpeg,225,225,Known Person,39,2,206,163
images_121.jpeg,194,259,Known Person,31,10,144,186
images_089.jpeg,224,225,Known Person,10,16,114,133
images_089.jpeg,224,225,Known Person,121,48,219,140
images_435.jpeg,224,225,Known Person,82,37,118,80
images_471.jpeg,275,183,Known Person,156,96,233,181
images_379.jpeg,225,225,Known Person,56,9,184,171
images_164.jpeg,225,225,Known Person,63,17,180,148
images_037.jpeg,299,168,Known Person,79,41,202,151
images_403.jpeg,190,266,Known Person,80,13,145,94
images_419.jpeg,275,183,Known Person,107,3,188,78
images_446.jpeg,225,225,Known Person,70,3,202,109
images_253.jpeg,225,225,Known Person,16,3,213,174
images_429.jpeg,275,183,Known Person,63,29,129,115
images_429.jpeg,275,183,Known Person,121,104,165,168
images_429.jpeg,275,183,Known Person,132,42,171,103
images_542.jpeg,194,259,Known Person,85,51,161,159
images_577.jpeg,275,183,Known Person,115,38,172,99
images_577.jpeg,275,183,Unknown Person,46,36,104,99
images_577.jpeg,275,183,Unknown Person,165,22,217,96
images_500.jpeg,287,175,Known Person,73,6,152,77
images_093.jpeg,225,225,Known Person,32,1,145,97
images_600.jpeg,232,180,Known Person,3,42,38,93
images_600.jpeg,232,180,Known Person,59,47,99,96
images_600.jpeg,232,180,Known Person,99,42,138,89
images_600.jpeg,232,180,Known Person,168,45,205,87
images_600.jpeg,232,180,Known Person,204,47,232,92
images_324.jpeg,213,236,Known Person,66,16,151,130
images_413.jpeg,194,259,Known Person,60,67,136,147
images_413.jpeg,194,259,Unknown Person,5,68,61,118
images_278.jpeg,209,241,Known Person,40,37,172,195
images_426.jpeg,225,225,Known Person,6,20,105,133
images_114.jpeg,220,229,Known Person,35,56,98,110
images_114.jpeg,220,229,Known Person,82,23,148,80
images_114.jpeg,220,229,Known Person,125,80,182,143
images_226.jpeg,267,188,Known Person,80,47,112,96
images_226.jpeg,267,188,Known Person,130,45,169,87
images_026.jpeg,194,259,Known Person,29,41,143,162
images_328.jpeg,275,183,Known Person,53,7,229,178
images_229.jpeg,224,225,Known Person,29,3,146,106
images_281.jpeg,275,183,Known Person,15,25,73,54
images_281.jpeg,275,183,Known Person,65,31,113,71
images_281.jpeg,275,183,Known Person,106,37,154,87
images_281.jpeg,275,183,Known Person,146,63,211,100
images_308.jpeg,225,225,Known Person,45,47,139,159
images_400.jpeg,254,198,Known Person,101,40,173,108
images_135.jpeg,225,225,Known Person,49,10,102,78
images_202.jpeg,225,225,Known Person,6,2,214,209
images_041.jpeg,256,197,Known Person,33,42,109,133
images_260.jpeg,266,189,Known Person,112,13,217,111
images_190.jpeg,292,173,Known Person,34,7,231,156
images_344.jpeg,225,225,Known Person,10,55,126,169
images_475.jpeg,300,168,Known Person,38,68,247,147
images_295.jpeg,225,224,Known Person,40,16,173,157
images_434.jpeg,225,225,Known Person,51,8,104,104
images_434.jpeg,225,225,Known Person,114,17,161,91
images_493.jpeg,284,177,Known Person,150,28,180,63
images_493.jpeg,284,177,Known Person,76,50,91,63
images_493.jpeg,284,177,Known Person,198,65,215,87
images_493.jpeg,284,177,Unknown Person,255,54,270,71
images_425.jpeg,225,225,Known Person,20,5,119,114
images_150.jpeg,275,183,Known Person,70,31,134,106
images_150.jpeg,275,183,Known Person,134,27,202,112
images_376.jpeg,194,259,Known Person,53,22,158,163
images_507.jpeg,225,225,Known Person,55,5,141,96
images_273.jpeg,194,128,Known Person,73,26,105,68
images_599.jpeg,225,225,Known Person,50,30,176,194
images_225.jpeg,225,225,Known Person,38,123,90,176
images_225.jpeg,225,225,Known Person,33,33,81,93
images_225.jpeg,225,225,Known Person,145,21,187,75
images_225.jpeg,225,225,Known Person,144,129,180,172
images_255.jpeg,282,179,Known Person,8,36,62,96
images_255.jpeg,282,179,Known Person,90,42,135,99
images_255.jpeg,282,179,Known Person,134,10,188,65
images_255.jpeg,282,179,Known Person,194,56,246,119
images_255.jpeg,282,179,Known Person,1,58,22,115
images_220.jpeg,225,225,Known Person,104,5,223,169
images_505.jpeg,222,227,Known Person,43,4,187,123
images_058.jpeg,225,225,Known Person,20,5,190,166
images_490.jpeg,224,224,Known Person,82,31,166,127
images_028.jpeg,168,300,Known Person,35,34,123,156
images_540.jpeg,225,225,Known Person,38,75,169,193
images_365.jpeg,201,251,Known Person,2,2,95,130
images_551.jpeg,275,183,Unknown Person,130,50,173,115
images_551.jpeg,275,183,Unknown Person,60,79,114,135
images_551.jpeg,275,183,Unknown Person,94,11,136,69
images_551.jpeg,275,183,Unknown Person,26,25,81,70
images_551.jpeg,275,183,Unknown Person,164,1,217,44
images_043.jpeg,275,183,Known Person,98,38,135,82
images_043.jpeg,275,183,Known Person,109,74,148,118
images_043.jpeg,275,183,Known Person,149,41,191,89
images_044.jpeg,275,183,Known Person,42,15,133,126
images_044.jpeg,275,183,Known Person,109,100,176,159
images_044.jpeg,275,183,Known Person,159,44,207,112
images_147.jpeg,204,247,Known Person,40,39,148,122
images_053.jpeg,225,225,Known Person,59,43,150,175
images_381.jpeg,259,194,Known Person,87,33,179,134
images_232.jpeg,194,259,Known Person,64,14,171,132
images_351.jpeg,194,259,Known Person,43,5,173,127
images_173.jpeg,201,251,Known Person,37,30,165,163
images_549.jpeg,225,225,Known Person,34,78,106,146
images_549.jpeg,225,225,Known Person,82,52,148,121
images_549.jpeg,225,225,Known Person,150,47,225,135
images_573.jpeg,225,225,Known Person,52,20,215,209
images_380.jpeg,225,225,Known Person,38,15,141,139
images_558.jpeg,224,224,Known Person,142,25,182,78
images_078.jpeg,259,194,Known Person,132,9,210,104
images_198.jpeg,262,193,Known Person,152,14,244,111
images_299.jpeg,225,225,Known Person,108,37,130,64
images_293.jpeg,193,262,Known Person,51,106,112,156
images_293.jpeg,193,262,Known Person,62,73,129,109
images_137.jpeg,259,194,Known Person,141,48,213,127
images_136.jpeg,183,275,Known Person,55,65,174,217
images_279.jpeg,214,235,Known Person,106,61,158,125
images_096.jpeg,225,225,Known Person,72,14,161,123
images_146.jpeg,202,249,Known Person,24,47,141,181
images_035.jpeg,275,183,Known Person,123,40,188,112
images_235.jpeg,335,150,Known Person,128,10,216,105
images_235.jpeg,335,150,Known Person,201,36,282,137
images_538.jpeg,225,225,Known Person,137,37,214,139
images_515.jpeg,275,183,Known Person,90,80,138,125
images_587.jpeg,183,275,Known Person,55,34,127,119
images_106.jpeg,225,225,Known Person,10,66,150,216
images_283.jpeg,236,213,Known Person,25,5,143,122
images_502.jpeg,195,259,Known Person,32,82,161,201
images_311.jpeg,225,225,Known Person,48,49,194,204
images_327.jpeg,201,251,Known Person,18,21,147,147
images_523.jpeg,266,189,Known Person,175,58,218,121
images_275.jpeg,225,225,Known Person,44,35,176,196
images_424.jpeg,225,225,Known Person,46,30,191,178
images_565.jpeg,225,225,Known Person,1,3,117,108
images_102.jpeg,194,259,Known Person,7,13,116,155
images_189.jpeg,275,183,Known Person,168,49,224,102
images_189.jpeg,275,183,Unknown Person,109,53,165,102
images_091.jpeg,225,224,Known Person,94,10,216,142
images_412.jpeg,225,225,Known Person,38,5,165,138
images_547.jpeg,298,169,Known Person,37,32,77,69
images_258.jpeg,225,225,Known Person,67,61,149,146
images_139.jpeg,194,259,Known Person,42,19,146,147
images_227.jpeg,259,194,Known Person,45,56,120,150
images_457.jpeg,217,232,Known Person,52,30,90,66
images_277.jpeg,282,179,Known Person,29,53,79,107
images_277.jpeg,282,179,Known Person,71,29,120,82
images_277.jpeg,282,179,Known Person,128,38,177,88
images_277.jpeg,282,179,Known Person,176,19,213,67
images_277.jpeg,282,179,Known Person,211,56,261,103
images_441.jpeg,225,225,Known Person,59,66,182,211
images_357.jpeg,225,224,Known Person,56,9,154,119
images_211.jpeg,196,257,Known Person,85,30,147,104
images_036.jpeg,183,275,Known Person,66,38,150,130
images_244.jpeg,225,225,Known Person,80,15,185,154
images_528.jpeg,225,225,Known Person,110,11,221,118
images_528.jpeg,225,225,Unknown Person,8,41,88,121
images_088.jpeg,259,195,Known Person,22,41,100,134
images_088.jpeg,259,195,Known Person,179,68,256,152
images_088.jpeg,259,195,Known Person,97,78,132,134
images_088.jpeg,259,195,Known Person,144,102,183,145
images_442.jpeg,194,259,Known Person,14,13,159,193
images_142.jpeg,225,225,Known Person,66,11,193,147
images_212.jpeg,225,225,Known Person,9,18,156,136
images_124.jpeg,225,225,Unknown Person,25,12,176,176
images_373.jpeg,266,189,Known Person,144,27,192,99
images_204.jpeg,183,275,Known Person,92,36,173,164
images_240.jpeg,225,225,Known Person,91,3,175,95
images_396.jpeg,190,265,Known Person,34,44,130,156
images_516.jpeg,266,189,Known Person,26,56,70,104
images_516.jpeg,266,189,Known Person,98,69,136,108
images_516.jpeg,266,189,Known Person,71,69,94,115
images_516.jpeg,266,189,Known Person,153,57,191,107
images_516.jpeg,266,189,Known Person,187,59,236,114
images_343.jpeg,252,200,Known Person,1,66,71,161
images_343.jpeg,252,200,Known Person,133,3,249,198
images_420.jpeg,195,259,Known Person,4,59,108,160
images_420.jpeg,195,259,Known Person,95,52,195,162
images_051.jpeg,225,225,Known Person,22,4,146,90
images_122.jpeg,225,225,Known Person,115,1,223,130
images_461.jpeg,194,259,Known Person,39,98,131,207
images_503.jpeg,259,194,Known Person,108,73,184,136
images_494.jpeg,225,225,Known Person,25,83,118,183
images_494.jpeg,225,225,Known Person,86,2,188,125
03.jpg,275,183,Known Person,5,1,157,143
images_318.jpeg,225,225,Known Person,5,12,122,144
images_318.jpeg,225,225,Known Person,136,35,216,133
images_418.jpeg,259,194,Known Person,152,72,189,110
images_063.jpeg,180,280,Known Person,34,52,135,186
images_291.jpeg,275,183,Known Person,38,42,106,93
images_224.jpeg,136,90,Known Person,53,20,104,87
images_256.jpeg,224,224,Known Person,85,14,206,66
images_566.jpeg,300,168,Known Person,104,54,143,106
images_566.jpeg,300,168,Known Person,135,31,177,83
images_087.jpeg,225,225,Known Person,38,13,174,171
images_246.jpeg,217,232,Known Person,46,42,100,114
images_448.jpeg,225,225,Unknown Person,141,10,176,39
images_200.jpeg,225,225,Known Person,111,26,179,87
images_060.jpeg,225,225,Known Person,60,33,127,131
images_021.jpeg,200,252,Known Person,37,8,174,177
images_178.jpeg,189,267,Known Person,45,13,154,109
images_218.jpeg,275,183,Known Person,70,5,210,135
images_329.jpeg,225,225,Known Person,96,45,208,173
images_481.jpeg,275,183,Known Person,66,12,179,150
images_416.jpeg,225,225,Known Person,140,5,225,107
images_584.jpeg,275,183,Known Person,20,9,51,45
images_584.jpeg,275,183,Known Person,54,10,80,41
images_584.jpeg,275,183,Known Person,111,9,138,44
images_584.jpeg,275,183,Known Person,144,23,173,49
images_584.jpeg,275,183,Known Person,202,24,233,48
images_584.jpeg,275,183,Known Person,233,24,259,52
images_518.jpeg,259,194,Known Person,87,2,181,79
images_057.jpeg,243,208,Known Person,83,14,217,152
images_460.jpeg,225,225,Known Person,53,18,140,122
images_159.jpeg,225,225,Known Person,77,43,146,133
images_402.jpeg,225,225,Known Person,41,13,175,146
images_170.jpeg,225,225,Known Person,33,18,138,155
images_522.jpeg,225,225,Known Person,63,30,86,56
images_522.jpeg,225,225,Known Person,147,15,171,40
images_591.jpeg,275,183,Known Person,98,49,161,118
images_117.jpeg,194,259,Known Person,51,77,139,223
images_389.jpeg,168,299,Known Person,43,21,142,128
images_171.jpeg,259,194,Known Person,99,9,193,121
images_112.jpeg,225,225,Known Person,90,20,222,218
images_143.jpeg,207,243,Known Person,7,26,133,150
images_040.jpeg,189,267,Unknown Person,52,56,135,157
images_272.jpeg,259,194,Known Person,83,23,203,114
images_272.jpeg,259,194,Known Person,43,93,151,185
images_525.jpeg,181,278,Known Person,46,96,154,213
images_371.jpeg,225,225,Unknown Person,20,15,119,102
images_076.jpeg,225,225,Known Person,127,8,215,122
images_456.jpeg,200,251,Known Person,40,8,116,100
images_462.jpeg,225,225,Known Person,6,3,193,157
images_259.jpeg,260,194,Known Person,101,1,190,108
images_022.jpeg,225,225,Known Person,44,2,222,168
02.jpg,480,218,Known Person,114,30,230,145
02.jpg,480,218,Known Person,299,1,459,210
images_129.jpeg,259,194,Known Person,75,24,156,133
images_534.jpeg,239,208,Known Person,84,18,177,124
images_130.jpeg,225,225,Known Person,76,15,124,58
images_156.jpeg,275,183,Known Person,94,5,178,113
images_270.jpeg,225,225,Known Person,33,3,194,121
images_180.jpeg,225,225,Known Person,75,51,160,185
images_280.jpeg,223,227,Known Person,71,41,191,198
images_292.jpeg,225,225,Known Person,23,3,203,145
images_166.jpeg,200,252,Known Person,58,46,161,169
images_354.jpeg,183,275,Known Person,82,60,129,106
images_354.jpeg,183,275,Known Person,44,80,85,117
images_104.jpeg,225,225,Known Person,2,1,134,169
images_464.jpeg,275,183,Known Person,140,45,185,86
images_464.jpeg,275,183,Known Person,116,50,150,89
images_061.jpeg,183,275,Known Person,9,10,93,117
images_580.jpeg,223,226,Known Person,17,73,147,215
images_162.jpeg,227,222,Known Person,80,36,154,122
images_056.jpeg,194,259,Known Person,37,68,134,183
images_303.jpeg,225,225,Known Person,42,2,218,166
images_216.jpeg,224,225,Unknown Person,53,6,178,115
images_286.jpeg,245,206,Known Person,3,5,222,205
images_368.jpeg,300,168,Known Person,95,32,209,128
images_366.jpeg,225,225,Known Person,49,7,142,110
images_439.jpeg,275,183,Known Person,27,34,102,139
images_473.jpeg,168,300,Known Person,44,40,127,152
images_284.jpeg,194,259,Known Person,54,48,164,157
images_247.jpeg,225,225,Known Person,74,32,170,144
images_265.jpeg,194,259,Known Person,88,14,179,108
images_095.jpeg,307,164,Known Person,37,2,140,100
images_355.jpeg,267,189,Known Person,158,38,213,112
images_016.jpeg,225,224,Known Person,47,9,87,63
images_404.jpeg,224,224,Known Person,124,12,197,84
images_370.jpeg,275,183,Known Person,180,53,218,87
images_370.jpeg,275,183,Known Person,149,58,182,97
images_370.jpeg,275,183,Known Person,2,34,37,109
images_015.jpeg,225,225,Known Person,46,52,114,150
images_015.jpeg,225,225,Known Person,118,56,181,131
images_393.jpeg,260,194,Known Person,12,2,141,147
images_393.jpeg,260,194,Known Person,169,63,256,189
images_478.jpeg,265,190,Known Person,9,5,37,43
images_478.jpeg,265,190,Known Person,88,12,115,49
images_478.jpeg,265,190,Known Person,220,5,260,60
images_478.jpeg,265,190,Known Person,160,1,187,35
images_433.jpeg,206,245,Known Person,11,15,126,170
images_433.jpeg,206,245,Known Person,143,49,203,114
images_320.jpeg,224,224,Unknown Person,31,17,78,72
images_361.jpeg,225,225,Known Person,100,3,218,111
images_312.jpeg,194,259,Unknown Person,27,1,154,121
images_559.jpeg,266,189,Known Person,90,41,168,124
images_075.jpeg,188,188,Known Person,75,12,103,47
images_358.jpeg,225,225,Known Person,10,15,160,143
images_069.jpeg,224,225,Known Person,39,6,197,141
images_496.jpeg,225,225,Known Person,35,15,157,136
images_151.jpeg,194,260,Known Person,82,21,176,145
images_034.jpeg,276,183,Known Person,105,34,212,152
images_298.jpeg,225,225,Known Person,9,16,215,203
images_289.jpeg,225,225,Known Person,67,18,162,119
images_437.jpeg,201,251,Known Person,3,2,128,113
images_536.jpeg,225,225,Known Person,63,2,158,125
images_025.jpeg,225,225,Known Person,90,8,207,120
images_321.jpeg,225,225,Known Person,63,26,161,145
images_264.jpeg,275,183,Known Person,139,42,191,98
images_264.jpeg,275,183,Known Person,98,59,139,109
images_411.jpeg,225,225,Unknown Person,14,38,96,147
images_411.jpeg,225,225,Known Person,68,6,204,131
images_115.jpeg,198,255,Known Person,69,16,106,61
images_031.jpeg,194,259,Known Person,38,33,138,139
images_537.jpeg,225,225,Known Person,34,61,148,156
images_197.jpeg,224,225,Known Person,92,27,200,194
images_342.jpeg,191,263,Known Person,11,78,102,173
images_342.jpeg,191,263,Known Person,100,36,189,185
images_241.jpeg,224,224,Known Person,91,32,190,160
images_430.jpeg,225,225,Known Person,109,2,214,104
images_017.jpeg,225,225,Known Person,23,8,188,199
images_276.jpeg,255,198,Known Person,69,3,171,93
images_101.jpeg,225,225,Known Person,106,38,182,138
images_048.jpeg,224,225,Known Person,70,3,172,134
images_443.jpeg,226,223,Known Person,4,1,83,83
images_250.jpeg,194,259,Known Person,84,8,192,156
images_100.jpeg,225,225,Known Person,2,15,80,115
images_415.jpeg,262,193,Known Person,88,60,178,172
images_108.jpeg,225,225,Known Person,23,15,159,160
images_579.jpeg,222,227,Known Person,74,6,139,105
images_427.jpeg,225,225,Known Person,132,23,163,110
images_465.jpeg,225,225,Known Person,61,39,181,148
images_582.jpeg,160,162,Known Person,62,54,99,86
images_487.jpeg,225,225,Known Person,40,23,136,118
images_228.jpeg,183,275,Known Person,48,35,123,140
